{
  "fold_1": {
    "crew": 1,
    "log_loss": 0.6466073797987127
  },
  "fold_2": {
    "crew": 2,
    "log_loss": 1.4015663200464619
  },
  "fold_3": {
    "crew": 3,
    "log_loss": 2.408382968595729
  },
  "fold_4": {
    "crew": 4,
    "log_loss": 1.4488073889450848
  },
  "fold_5": {
    "crew": 5,
    "log_loss": 1.2564681108210902
  },
  "fold_6": {
    "crew": 6,
    "log_loss": 0.6102203368609791
  },
  "fold_7": {
    "crew": 7,
    "log_loss": 0.8840084699249383
  },
  "fold_8": {
    "crew": 8,
    "log_loss": 1.22995818542604
  },
  "fold_9": {
    "crew": 13,
    "log_loss": 0.9367359983157423
  }
}